CustomerID,FirstName,LastName,Email,Address,City,State,ZipCode,JoinDate
C0001,Garrett,Davenport,yharris@example.org,43547 Jennifer Turnpike,Robertland,CO,71608,2024-09-23
C0002,Michael,Rojas,wchavez@example.com,62135 Sara Manors,West David,WV,21327,2023-12-28
C0003,Kenneth,Morse,qnguyen@example.com,5207 Rachel Field,Danielletown,WI,27309,2023-05-27
C0004,Jeffrey,Foster,arnoldrachel@example.org,5235 Meghan Trail,East Kyle,RI,38091,2023-05-14
C0005,Joshua,Park,lcook@example.net,87970 Madeline Drive,East Peterland,ID,88378,2024-09-08
C0006,Emily,Williams,karen33@example.net,3411 Duran Hill Suite 488,Katherineville,IL,39576,2023-04-15
C0007,Angela,Rowland,karenbass@example.com,754 Floyd Trace,Riosbury,WA,89193,2023-01-31
C0008,Anna,Conrad,mbell@example.net,09254 Cardenas Extension,Thompsonview,HI,25103,2022-12-09
C0009,Antonio,Alvarez,gregory59@example.com,64579 Fields Garden,Danielsfort,MI,82589,2023-01-05
C0010,Dan,James,millermorgan@example.org,396 Virginia River,East Stephaniefort,NE,29549,2024-06-14
C0011,Julie,Olson,vmadden@example.net,9538 Wolfe Fords,East Mathew,TN,19934,2025-03-17
C0012,James,Hudson,robert68@example.com,76741 Smith Land,Ballland,GA,47225,2023-07-26
C0013,Javier,Allison,shannon81@example.org,50170 Evans Roads,Andersonmouth,NC,64070,2023-01-01
C0014,Christina,Rodriguez,george43@example.com,1652 Travis Mission Suite 828,New Tammieview,ND,26917,2022-07-06
C0015,Samuel,Logan,hayeseric@example.net,03147 Maria Meadow Apt. 548,Julialand,DC,70764,2023-01-20
C0016,David,Smith,christopher24@example.net,28053 Morrison Forges,Davidbury,KS,05866,2025-02-15
C0017,Robert,Page,david12@example.net,41487 Mark Glens Apt. 593,South Jenniferburgh,NY,59903,2024-04-16
C0018,Marie,Mcdaniel,elizabeth01@example.org,6148 Collins Spurs Apt. 869,Turnerbury,OH,19486,2023-05-09
C0019,Kevin,Rangel,ryangilmore@example.com,06506 Jonathan Viaduct,New James,NY,21988,2023-11-14
C0020,Brianna,Silva,djones@example.net,90789 Ricardo View Suite 563,Lake Nicolefurt,NY,15543,2024-01-07
C0021,Brittany,Frank,carlos96@example.com,92050 Melissa Courts,New Larry,PA,05048,2023-12-12
C0022,Lisa,Lopez,pattersonrobert@example.org,685 Margaret Points Suite 860,East Michael,MN,01390,2022-07-18
C0023,Chelsey,Sherman,jamesbennett@example.com,7829 Jennifer Prairie Suite 311,South Amanda,OR,17033,2023-12-28
C0024,Carmen,Rogers,crystalfoster@example.com,750 Simmons Grove Suite 766,North Amandaport,GA,79737,2024-09-04
C0025,Jason,Martin,matthew14@example.org,8126 Brenda Drives,East Allisonland,PW,84198,2023-07-21
C0026,Anne,Alvarez,susan25@example.com,7416 White Mission,Youngberg,NC,79095,2024-07-09
C0027,Mark,Williams,elizabethsullivan@example.org,7339 Karen Crescent,North Rachelfort,OH,85135,2022-06-30
C0028,Mario,George,christopher62@example.net,6764 Paul Drive Suite 524,North Justin,CT,05076,2023-05-13
C0029,Mary,Cox,lisamorrison@example.com,905 Stephanie Square Apt. 690,Jonesshire,LA,48819,2022-06-01
C0030,Emily,Norris,skinnerroberto@example.org,01490 Cassandra Valley,Claireshire,FM,34862,2023-05-03
C0031,Samantha,Wilson,gillelizabeth@example.org,2508 Sharon Drive Suite 267,Port Rebecca,MN,37273,2023-07-18
C0032,Olivia,Hernandez,williamsrichard@example.com,0925 Trevor Fork Apt. 914,Port Paulmouth,IN,25259,2024-01-19
C0033,Michael,Pope,tanyaquinn@example.com,610 Gregory Overpass,Peckfurt,MI,47151,2023-08-19
C0034,Katie,Velasquez,vboyer@example.net,552 Sawyer Creek,Josephton,IN,07397,2024-01-07
C0035,Francisco,Orr,juanlucas@example.com,0019 Karen Via Suite 408,North Tylerfurt,TN,84762,2024-12-22
C0036,Mary,Terry,rwilliams@example.com,4249 Pham Knolls,Lake Kristinechester,KY,87300,2024-01-26
C0037,Brandon,Moore,dakotafinley@example.net,9882 Colleen Centers Suite 200,Atkinsonfurt,ND,12478,2023-12-23
C0038,Kyle,Hall,garciarandy@example.com,8074 Jillian Spurs Apt. 720,Shepherdland,OK,66921,2022-05-27
C0039,Jesse,Nichols,ericrobinson@example.org,6919 Christopher Corners Suite 194,South Julie,MI,42266,2023-01-26
C0040,John,Wilson,brownmichelle@example.com,8530 Jimmy Ridge Apt. 863,Davidfort,MS,95727,2024-02-06
C0041,Mary,Perez,morgandiana@example.net,22580 Gardner Corners Suite 369,South Jenniferport,MN,06303,2023-07-21
C0042,Carolyn,Perry,brownjames@example.com,472 Lee Ridge,Port Paul,DE,46357,2024-12-16
C0043,Austin,Martin,emilybaker@example.net,757 Willie Cove Suite 394,New Susan,SD,16129,2025-03-02
C0044,Shane,Harper,flynnkathryn@example.com,35764 Robertson Avenue Suite 950,Lake Tinaborough,AR,99563,2023-01-19
C0045,Katherine,Jones,bryangonzalez@example.com,577 Megan Prairie,New Thomas,UT,51401,2022-07-23
C0046,Bailey,Mayer,mford@example.org,8774 Seth Ports,Coryport,MP,26566,2024-09-30
C0047,Tina,Gonzales,ywilliams@example.org,8614 Jonathan Dale,Barneschester,VT,24758,2024-07-16
C0048,Dylan,Hopkins,oking@example.net,652 Kyle Mountains Apt. 945,Yoderchester,AL,96735,2024-12-08
C0049,Mark,Thompson,christophersavage@example.org,48294 Joy Villages,West Barryfurt,NH,85679,2023-10-28
C0050,Michael,Jacobs,maryjones@example.net,0048 Vanessa Cape,Simmonsside,LA,77648,2023-09-27
C0051,Brittany,Graham,rhayes@example.net,35464 James Cove,Kyleview,ND,62371,2022-08-20
C0052,Valerie,Jacobs,czamora@example.org,52902 Brown Route,Port Ashleyside,AL,70226,2025-04-15
C0053,Christina,Brown,rhall@example.org,789 Luna Course,East Kimberly,MH,43448,2022-08-20
C0054,Yvonne,Wilson,aaron32@example.net,4841 Rodgers Corners,East Bryan,ND,07195,2022-08-02
C0055,Peter,Gordon,rodriguezjames@example.net,4094 Daniels Ferry,Lake Steventon,FM,12615,2024-01-04
C0056,Stephanie,Franklin,brianconway@example.org,645 Kimberly Springs Suite 806,West Jeremyborough,AZ,85677,2022-10-13
C0057,Scott,Oliver,lauren30@example.net,0920 Stephanie Ranch,Shawnland,VT,77581,2024-09-10
C0058,George,Waters,carrthomas@example.com,9000 Christopher Hollow Suite 347,Port Kristin,PW,35196,2022-10-31
C0059,Megan,Edwards,jenna23@example.net,2632 Hawkins Pike,New Davidtown,MI,63150,2022-10-05
C0060,Patricia,Skinner,jonathanalvarado@example.com,313 Adrian Roads Apt. 174,West Jaytown,NH,22018,2023-10-19
C0061,Phyllis,Maldonado,thomasmeyers@example.com,6145 Johnson Loop,East Robertburgh,PR,52499,2023-08-27
C0062,Thomas,Jones,joshuagarcia@example.com,2975 Linda Mews Apt. 543,Hernandezburgh,KS,39846,2023-04-01
C0063,Melissa,Thomas,stacy05@example.org,43778 Aaron Green,Simpsonhaven,MN,42899,2023-03-21
C0064,Adrian,Nixon,ashley99@example.org,27839 Kelly River,Millerport,NV,60797,2023-06-08
C0065,Christy,Erickson,westmichelle@example.org,9015 Ellis Fork Apt. 825,Lake Tyler,MN,86732,2024-07-21
C0066,Michael,Meyer,ysaunders@example.net,998 Ryan Parkways,Fosterfort,ID,90981,2025-04-24
C0067,Sandra,Barnes,jamesbrock@example.net,2839 Ana Manors Apt. 881,Rachelland,NH,90917,2024-05-31
C0068,Nicholas,Guerra,luis99@example.com,11170 Anna Shore,Gonzalezborough,MA,55311,2024-06-06
C0069,Michael,Moore,williamstheodore@example.com,0422 Adams Isle Apt. 895,Littlefurt,MS,32123,2024-11-21
C0070,Angela,Hill,jessicalove@example.org,77558 Nicole Mountains,Cunninghamstad,NJ,42411,2023-06-07
C0071,Raymond,Anderson,adrian45@example.org,1464 Amy Land,Timothyburgh,OH,84347,2022-10-25
C0072,Tanya,Mitchell,christopher27@example.net,7470 Melissa Trafficway Apt. 985,Rileystad,DC,14782,2023-06-12
C0073,Ethan,Short,deborahweaver@example.com,3292 Rivera Bypass,South Kimberlyberg,CO,77008,2023-02-11
C0074,Jessica,Villarreal,michael81@example.net,4446 Schultz Park,Jonesborough,ME,35982,2023-03-05
C0075,John,Lee,peter08@example.net,7151 William Isle,Pattybury,MP,57204,2024-12-05
C0076,Rebecca,Saunders,randerson@example.org,683 Theresa Trail Suite 055,South Cynthiaton,NV,33084,2024-07-19
C0077,Patricia,Fuentes,david19@example.org,723 Holt Isle Apt. 902,Jamesland,IL,31020,2022-05-25
C0078,Edward,Gross,riddlerandy@example.net,6331 Mcdonald Walks Suite 817,Davisburgh,FL,53607,2022-08-29
C0079,Mary,Lloyd,daustin@example.org,6669 Hannah Drive,Davisstad,DE,02879,2025-01-04
C0080,Valerie,Bradley,zprice@example.com,98848 Rachael Corners Suite 594,Lake Rodney,PW,26141,2023-11-07
C0081,Christopher,Parker,gonzalezmark@example.com,862 Williams Throughway,South George,OR,83153,2024-05-13
C0082,Angela,Hart,ashley84@example.com,809 Green Parkway Apt. 582,North Robert,GU,31305,2023-11-23
C0083,Kevin,Hernandez,jamesking@example.net,54815 Gilbert Causeway Apt. 468,New James,AZ,49058,2023-08-19
C0084,Madison,Vance,john97@example.net,81492 Joshua Hill Suite 106,East Thomas,MN,17548,2023-06-03
C0085,Brent,Mckinney,alexramirez@example.org,97412 Cruz Rue,Randalltown,NY,29234,2024-11-25
C0086,Vernon,Rivera,edwardsjason@example.net,20392 Jonathan Walks,Nicolemouth,NE,65647,2022-12-28
C0087,Mark,Kramer,jenniferphelps@example.com,94309 Kyle Flats Apt. 977,Jeremyport,VA,19556,2022-07-26
C0088,Eric,Torres,solisjennifer@example.org,5583 Vanessa Mountain,Wilsonstad,SD,35139,2023-07-12
C0089,Jessica,Bass,kimberlyrich@example.net,93033 Solomon Point,Mcleanport,MD,55772,2024-10-11
C0090,Joshua,Walker,rblevins@example.com,347 Martinez Divide,East Andrew,AR,03861,2022-11-06
C0091,Betty,Johnson,kari13@example.net,020 Jackson Falls Suite 333,Eduardotown,NE,61165,2023-07-15
C0092,Patrick,Simon,kevin45@example.com,387 Amanda Loop,South Melissaview,UT,54511,2023-03-18
C0093,April,Cooke,megan56@example.org,949 Michael Manors,Kevinmouth,NC,01067,2024-06-15
C0094,Michael,Shields,ujohnson@example.com,828 Smith Streets Suite 134,Jacksonfort,NE,70648,2024-05-17
C0095,Amy,Gross,courtneysmith@example.com,4458 Jacqueline Isle Suite 770,New Walter,SD,43517,2024-02-23
C0096,Erin,Thompson,thomas79@example.org,3537 Kendra Street,East Ryan,VT,14049,2024-05-19
C0097,Rachel,Mcdonald,hogantom@example.com,3603 Martin Mountain Suite 144,West Margaret,WI,01827,2024-11-07
C0098,Katherine,Munoz,nscott@example.com,773 Jesus Mall,Mccormickland,AR,34139,2023-03-07
C0099,Patricia,Barnes,pughtristan@example.org,037 Fernandez Ramp,West Miguel,IN,25627,2022-11-22
C0100,Ryan,Mcdowell,cody76@example.com,344 Baker Mills,Lake Joseph,VA,51205,2025-02-01
C0101,Margaret,Stone,dennisjackson@example.net,1073 Carmen Walk,Hallmouth,CO,83007,2024-07-14
C0102,Melanie,Harrison,njohnson@example.net,22091 Morales Glen,Port Jacquelineport,PR,00729,2025-02-24
C0103,John,Phillips,zachary22@example.com,02747 Nicole Wall,New William,NH,58536,2023-07-03
C0104,Kyle,White,bburke@example.com,7591 Tran Rest Apt. 848,Loriton,NY,71790,2024-07-18
C0105,Michael,Galvan,tyler35@example.net,9916 Raymond Summit Apt. 654,North Danaville,NM,57283,2024-03-02
C0106,Samantha,Peters,mayhunter@example.org,6644 Fisher Circle Suite 604,South Matthewfort,TN,22093,2023-08-21
C0107,Jennifer,Boone,williammccullough@example.com,120 Matthew Street Apt. 646,Robertsonview,CA,43316,2022-08-02
C0108,Mikayla,Holland,alarson@example.com,46750 Wagner Shoals Suite 747,South Meganport,MT,47307,2024-02-10
C0109,Susan,Parker,alexanderlindsay@example.com,8650 Jennifer Highway Apt. 480,Karenfort,MN,21837,2025-03-02
C0110,Timothy,Floyd,tammy19@example.org,24140 Stephanie Mall Apt. 145,East Bethanymouth,OK,79296,2023-10-23
C0111,Jennifer,Walls,michael42@example.org,720 Heidi Freeway Suite 114,East Miranda,NM,03242,2022-12-06
C0112,Sara,Holmes,mweber@example.net,06144 Joseph Manors Apt. 780,East Erikamouth,WA,51285,2024-04-28
C0113,Stephen,Gutierrez,justinhenry@example.com,367 Candace Trail Apt. 172,Port Rebecca,MN,13680,2022-12-10
C0114,James,Perez,otorres@example.org,743 Duncan Way,West Heidiport,MO,61041,2023-06-04
C0115,Jennifer,Jones,kristina91@example.org,127 Dennis Trail Suite 195,North Amandachester,CT,94668,2022-11-12
C0116,Seth,Wood,alexa61@example.net,030 Williamson Creek Apt. 480,Pattersonport,HI,03465,2025-01-18
C0117,Patricia,Smith,rallen@example.org,96529 Jay Crest Apt. 242,Navarroport,WY,53984,2024-03-30
C0118,Amy,Contreras,jesse34@example.net,2056 Michelle Trail Apt. 584,Port Holly,ND,79895,2022-09-19
C0119,Brian,Young,joelparker@example.com,4728 Bailey Branch,Lake Johnshire,VT,65525,2024-04-23
C0120,Evan,Pearson,haysashley@example.org,359 Flores Drive Suite 106,New Sarahhaven,AR,47971,2024-07-29
C0121,Michelle,Johnson,katelynpope@example.org,627 Luis Locks,Port Ryanland,AS,75950,2025-03-07
C0122,Crystal,Ross,anneford@example.net,1750 Lindsey Courts,New Joshua,PW,41260,2023-05-08
C0123,Elizabeth,Brandt,collinschristopher@example.net,301 Alicia Walk Apt. 170,West Christopher,MI,75154,2023-05-23
C0124,Audrey,Collins,gobrien@example.net,61196 James Forges,North Ashleeport,WA,19037,2022-12-18
C0125,Joshua,West,bwhite@example.com,2513 Rivers Square,Abbottville,MS,09599,2022-10-08
C0126,Debra,Davis,beardjacob@example.net,29289 Stephen Plains,Nicolemouth,NJ,13347,2023-12-26
C0127,Dylan,Yang,orrelizabeth@example.net,15848 Reed Trail Apt. 376,Bradleyburgh,UT,91026,2024-04-10
C0128,Martha,Craig,brian79@example.net,87814 April Locks Suite 464,West Cheryl,VI,41235,2023-10-26
C0129,Paul,Thompson,mcross@example.net,79589 Petersen Creek Apt. 988,Sarahhaven,DE,27926,2023-08-13
C0130,Kristina,Taylor,carl31@example.net,1519 Figueroa Cliffs,West Laurenberg,AK,52732,2024-03-08
C0131,Jason,Brown,herrerawhitney@example.net,63435 Angela Land Apt. 807,Gonzalezstad,SD,14971,2024-03-27
C0132,Andrew,Edwards,pittmansarah@example.com,21704 Kelly Lock Suite 890,Karenside,OR,79712,2023-01-14
C0133,Kevin,Haas,danielle11@example.org,36097 Joseph Orchard,East Adrianashire,NE,21226,2022-08-11
C0134,Ashley,Evans,whitesean@example.com,31417 Tucker Stravenue Apt. 744,Lake Misty,MT,59182,2025-04-10
C0135,Jason,Fernandez,bradleycaldwell@example.org,9154 Haley Circle,East Kayla,WA,89828,2022-07-31
C0136,Antonio,Williams,brent43@example.org,0643 Laura Run,Butlerfurt,TN,04844,2024-01-02
C0137,Ralph,Taylor,mtran@example.org,7757 Tyler Springs Apt. 803,South Joshua,NE,22457,2022-06-20
C0138,Donald,Schmidt,alexander45@example.org,062 Joseph Pass Apt. 957,Sheltonfurt,MT,12048,2024-08-16
C0139,Kelly,Brown,erica99@example.com,8785 Lori Lakes Apt. 323,North Veronicachester,ID,74212,2024-02-26
C0140,Cynthia,Williams,xmontoya@example.net,54323 Berry Greens Suite 397,Marshallstad,CO,30041,2023-11-30
C0141,Larry,Williams,molinajoshua@example.net,68863 Robert Village Apt. 128,Johnburgh,OH,34883,2022-09-01
C0142,Andrew,Sherman,porterjennifer@example.org,51758 Shannon Mall Apt. 946,South Herbert,KS,65301,2024-02-01
C0143,William,Anderson,jessica49@example.org,936 Connie Plaza Suite 581,South Olivia,OK,74998,2024-08-11
C0144,Haley,Allen,gabriel26@example.org,27094 Christine Courts,Port Sara,DE,04633,2023-04-30
C0145,Nicholas,Curtis,stevensonkim@example.org,7374 Lewis Inlet Apt. 563,North Pamela,PW,82254,2025-02-27
C0146,Diamond,Meyer,zellis@example.org,115 Zachary Turnpike,West Garyview,RI,20825,2023-01-31
C0147,Troy,Hinton,victoriasanchez@example.org,07081 Moody Islands,New Whitney,SC,55415,2025-02-09
C0148,Greg,Watkins,gary22@example.org,20319 Kimberly Drive Apt. 241,Port Misty,NC,32684,2023-11-05
C0149,Kevin,Sanchez,lopezpam@example.org,56388 Gregory Tunnel Suite 594,South Melissaberg,PR,65237,2023-07-08
C0150,Matthew,Miller,fallen@example.com,174 Powell Plains Apt. 563,West Michael,NH,38616,2023-01-02
C0151,Joann,Brown,elizabethyoung@example.org,6176 May Glen,Baileyshire,MD,20140,2023-04-23
C0152,John,Conley,millerstephanie@example.org,2447 Giles Glens Apt. 814,Johnsonbury,IA,78543,2024-02-02
C0153,Melody,Scott,wmendez@example.net,7765 Maria Park Apt. 205,Fordton,IA,73139,2023-07-23
C0154,Heather,Booth,duffykimberly@example.com,317 Michael Plains,East Michael,WY,73882,2025-02-01
C0155,Kenneth,Hall,benitezdavid@example.net,5963 Leah Overpass,South Kim,WI,59737,2024-10-15
C0156,Bruce,Cherry,tony53@example.net,759 Samuel Crossroad,Davidview,KY,46139,2023-09-11
C0157,Melissa,Smith,martinezfrances@example.com,095 Hansen Ridge,Kellyberg,VI,96881,2024-05-25
C0158,Chad,Levine,seth52@example.net,507 Pitts Fords Suite 589,North Jamesbury,TX,15608,2022-12-08
C0159,Kelly,Travis,rhonda08@example.com,0288 Mejia Freeway Apt. 048,South Jenny,ID,07543,2023-11-04
C0160,Cheryl,Wood,jamie98@example.com,8622 Howard Road Suite 303,New Chad,VA,68673,2022-06-14
C0161,Chris,Long,debrasilva@example.com,2172 Danielle Mall Suite 948,Brandyside,TX,03856,2023-11-25
C0162,Kristen,Brown,jameslopez@example.net,800 Mayer Lodge,Ericville,NE,22151,2022-10-13
C0163,Pamela,Mahoney,jonesbrandi@example.com,64029 Herrera Square,West Jenna,ND,93301,2023-08-21
C0164,Stacey,Ball,eringreen@example.com,67239 Ramsey Key Apt. 850,Samanthaberg,FL,71625,2023-01-04
C0165,David,Castro,andersonkimberly@example.org,1421 Smith Centers,Timothyhaven,UT,22981,2024-06-02
C0166,Denise,Morales,kylejones@example.com,7140 Martha Port Apt. 717,Corymouth,MN,14713,2023-04-21
C0167,Michaela,Ryan,dennisjohn@example.net,2167 David Fords Suite 019,South Cassandra,OR,88696,2022-10-22
C0168,Jonathan,Hale,johnsonkimberly@example.net,28238 Ronald Union Apt. 782,South Gregory,FL,82825,2024-01-18
C0169,Steve,Salazar,colson@example.net,180 Jerry Forest Suite 822,East Jeffrey,VA,34119,2022-11-22
C0170,Richard,Armstrong,wwhite@example.org,1896 Stanley Rue,Port Kathleen,MP,64077,2025-02-13
C0171,Brianna,Peters,dixonkaren@example.org,1291 Beltran Ramp,Hilltown,NY,01442,2024-08-06
C0172,Seth,Werner,sheilalawson@example.com,0717 Juan Villages,Jonathanfurt,ID,31839,2023-02-06
C0173,Rachel,Pittman,timothynguyen@example.com,19963 Carmen Harbor Apt. 813,Kevinchester,CA,24761,2022-12-11
C0174,Michael,Rivera,christopher34@example.net,1612 Zimmerman Shore Suite 097,Austintown,GU,94108,2022-08-03
C0175,John,White,marybanks@example.net,84654 Wilson Mill Suite 570,Dianafurt,WV,87482,2023-03-19
C0176,Christian,Lee,pgates@example.net,863 Charles Union Suite 716,West Sarahburgh,DC,71635,2023-10-05
C0177,William,Navarro,pruittmelissa@example.org,476 Roberto Shoals,Port Christopher,AR,37650,2023-02-11
C0178,Joshua,Chandler,nicoleallen@example.org,92757 Rogers Court,North Beth,ME,93357,2022-10-15
C0179,Kenneth,Castro,andersondonna@example.org,479 Isaac Mews Suite 900,New Ryanburgh,NM,12939,2023-05-26
C0180,Victoria,Duncan,marshalljohn@example.org,290 Nicole Underpass,East Lisa,FL,78026,2022-12-13
C0181,Dustin,Johnson,kflowers@example.org,476 Madden Flats Suite 253,Connieshire,OH,20348,2022-05-16
C0182,Thomas,Thomas,pbrown@example.com,998 Wells Curve,Stephanieview,VT,05424,2022-05-23
C0183,Sandra,Cox,farroyo@example.net,71708 Nguyen Valleys,South Dustinhaven,OH,97005,2023-08-10
C0184,Dean,Miller,millereddie@example.org,1834 Summers Junction,Wilkinston,VA,12605,2025-05-01
C0185,Ethan,Davis,lwebb@example.com,295 Allison Point Apt. 726,Floresmouth,MS,72712,2022-09-03
C0186,Robert,Mckenzie,wattsbeth@example.net,863 Wu Courts,West Craig,AZ,98605,2023-03-01
C0187,Jeremy,Harding,tiffany84@example.org,50190 Danielle Underpass,Lake Phillipfort,DE,22543,2025-04-30
C0188,Chad,Arnold,hartsandra@example.com,695 Reid Tunnel,Gonzalezchester,NY,66017,2023-03-01
C0189,Julie,Mcmahon,tinaperkins@example.com,319 Brian Island Apt. 699,Baldwintown,WA,53117,2023-02-15
C0190,Penny,Elliott,crystalpennington@example.com,635 King Square,Lake Brooke,UT,78742,2024-01-25
C0191,Shawn,Parker,matthew70@example.org,04996 Burgess Lane Suite 749,Michaelchester,IL,84368,2022-10-25
C0192,Paula,Rogers,william59@example.com,97930 Mckinney Burgs Suite 097,West Alan,MT,84976,2024-05-26
C0193,Ashley,Moreno,ericsmith@example.com,71188 Keller Port,Nicoleburgh,AK,62550,2023-02-13
C0194,Yvette,Thornton,ebell@example.net,729 Underwood Turnpike,Schwartzland,IN,53910,2024-11-20
C0195,Alec,Harrison,andrewbrown@example.com,8622 Donald Summit,New Joseph,VI,54870,2022-07-20
C0196,Ashley,Vaughn,jennifertrujillo@example.org,923 Campos Drives Suite 061,Tammystad,DE,77358,2022-08-30
C0197,Wayne,Moses,hernandeztamara@example.org,63441 Juan Islands Apt. 954,East Keithside,MA,76903,2023-03-19
C0198,Patrick,Banks,freemanluke@example.com,3722 Steven Underpass,South Thomas,NJ,53147,2023-12-13
C0199,Lonnie,Williams,qclark@example.net,76937 Kimberly Court Suite 355,North Mariatown,UT,43864,2022-09-16
C0200,Joe,Larsen,hollyhatfield@example.org,72369 Padilla Fields Suite 183,Riddleburgh,NH,11153,2023-06-15
C0201,Shannon,Mitchell,jbell@example.org,8726 Amy Trail Suite 606,New Kylebury,VA,40117,2023-09-30
C0202,Mary,Mitchell,millersamuel@example.org,61945 Theresa Meadows Suite 044,Port Carlosland,NC,70783,2023-12-06
C0203,Daniel,Arnold,debra68@example.org,84853 Adams Rest Apt. 716,Nicolemouth,AZ,11188,2023-02-11
C0204,Bryan,Alvarez,mmckee@example.org,276 Little Place Suite 885,New Brian,AS,64243,2025-04-21
C0205,Heather,Miller,williamdodson@example.org,37974 Carpenter Brooks Suite 242,Bethshire,ID,55505,2023-07-02
C0206,Ryan,Green,amber09@example.net,3619 Caroline Terrace,Bradleyside,MH,33988,2023-03-27
C0207,Traci,Parks,candice90@example.net,5990 Harvey Plaza,West David,OR,66448,2023-10-13
C0208,Michelle,Perez,soniahanson@example.org,397 Mary Summit Suite 544,South Philip,TN,98639,2024-10-24
C0209,Katherine,Nelson,jennifer53@example.org,47702 Herrera Centers,Douglasburgh,VT,89397,2022-12-20
C0210,Christine,Morrison,eroman@example.org,341 Laura Track Suite 249,Jerometown,ME,89453,2024-04-05
C0211,Krista,Calderon,malonecarl@example.org,956 Flores Shores,Port Todd,NE,54625,2022-11-09
C0212,Nicholas,Moss,wparks@example.net,432 Brooke Ridge,New Aaron,RI,34351,2022-09-07
C0213,Scott,Bryant,alynch@example.org,8503 Angela Cliffs,Sandraton,AR,23642,2024-10-22
C0214,Richard,Lewis,jamesbenson@example.net,9509 Donald Route,Campbellton,IN,44866,2022-07-29
C0215,Joseph,Delgado,dhoffman@example.org,1942 Matthew Hill Suite 701,South Craigview,WV,66265,2022-07-17
C0216,Andrew,Kelly,jacqueline44@example.net,97772 Derrick Course,New Steven,MN,92866,2025-04-18
C0217,Lisa,Mcgee,shawn15@example.net,438 Montes Heights,Murphyshire,TN,26645,2024-08-11
C0218,James,Johnson,xjacobs@example.net,7152 Frederick Path,West Jamesland,GU,57924,2023-02-20
C0219,Kelly,Weaver,leslie27@example.org,0230 Katherine Spurs Suite 456,Juliaport,VT,21761,2022-06-30
C0220,Tracey,Russell,angela85@example.com,64784 Michael View,Russohaven,GU,06292,2024-08-27
C0221,Alex,Hill,elliottcolleen@example.net,601 Gross Island Apt. 812,Christineburgh,ME,99497,2024-04-05
C0222,Wesley,Johnson,williamsonlauren@example.org,953 Tara Groves,Timothyfurt,DC,41990,2023-11-18
C0223,Mary,Bowman,cherylcooper@example.org,44972 Thomas Isle,Riceport,IA,17193,2023-09-22
C0224,Molly,Mosley,sharon72@example.org,59329 Valenzuela Station,South Janet,GA,46765,2023-01-19
C0225,Wendy,Miller,ericmoore@example.net,833 Arroyo Drives,North Vanessaton,DC,58796,2024-10-24
C0226,Megan,Roberts,moniquelong@example.com,505 Lambert Green,Ronaldview,GA,01769,2023-11-17
C0227,Heather,Clark,pfisher@example.com,63036 Graves Lights Apt. 960,Lake Elizabethside,RI,50971,2024-07-06
C0228,Larry,Graves,jonesnicole@example.com,956 Kimberly Meadow,Lake Kennethport,AS,04390,2022-10-24
C0229,Sarah,Hamilton,denisefloyd@example.net,1144 Moon Throughway Suite 218,East Steve,NJ,78560,2023-12-04
C0230,Kyle,Bright,staceyfoster@example.org,765 Christopher Corners,Dorothyton,DE,80109,2024-05-27
C0231,Nancy,Vance,suzanneho@example.org,4973 Lawson Coves Apt. 501,Anthonyhaven,AL,57044,2024-02-28
C0232,Theresa,Gonzales,kathleenhubbard@example.org,1920 Krause Views,West Kathrynton,NY,86193,2022-12-27
C0233,Christina,Barber,msmith@example.org,1090 Charles Village Apt. 513,South Morganshire,UT,23087,2023-12-19
C0234,Steven,Keller,matthew56@example.com,720 Silva Points Apt. 073,West Devinport,WV,91078,2022-07-27
C0235,Dorothy,Hughes,josephmccall@example.org,55031 Steven Motorway,Garciamouth,OH,37805,2024-07-23
C0236,Thomas,Williams,katherinejones@example.org,38635 Robyn Expressway Apt. 876,West Kellyshire,IN,54777,2022-05-10
C0237,Robert,Mclaughlin,williamsvalerie@example.net,903 Kyle Stravenue Suite 530,Lake Bailey,AL,03292,2023-02-24
C0238,David,Garrett,marcwilson@example.org,825 Cheryl Trace,Port Johnmouth,ME,80601,2023-01-07
C0239,Courtney,Woods,acoleman@example.com,23816 Reyes Plains,New Michelleport,SD,77724,2024-11-24
C0240,Matthew,Taylor,shannongriffith@example.net,78139 Joel Corner,North Gregory,OK,36817,2023-12-14
C0241,Elizabeth,Austin,jensensara@example.com,57950 Butler Stravenue Apt. 816,South Christopher,WY,55376,2024-04-12
C0242,Michelle,Mason,patricia67@example.net,3514 Oconnor Curve,South Donaldside,ND,87017,2023-05-10
C0243,Jennifer,White,christopher37@example.net,46858 Ruben Summit Apt. 815,Patricialand,RI,48477,2022-05-17
C0244,Gary,Rodriguez,bryan36@example.net,80838 Blair Field,Port Rebeccatown,VI,53948,2022-12-11
C0245,Manuel,Ellis,mary00@example.com,4897 Wyatt Garden,East Tamiburgh,PR,83259,2025-03-02
C0246,Samantha,Fuller,caguilar@example.net,79550 Katrina Cliff Apt. 841,Kylieburgh,GA,90951,2024-11-13
C0247,Anthony,Phillips,jose27@example.net,3803 Clark Point,Jimenezville,AR,75936,2024-05-07
C0248,Dawn,Shaw,kenneth16@example.net,525 Burton Shoals Suite 045,South James,MN,10758,2023-08-25
C0249,Michael,Pope,bradleyrodriguez@example.org,444 Douglas Trace Apt. 564,Landrytown,MH,92052,2024-03-11
C0250,Joseph,Hernandez,jessica13@example.com,1425 Silva Ferry Apt. 108,Port Thomas,MT,62794,2023-05-18
C0251,Jeremy,Bryant,bradleyterrell@example.net,86328 Shaw Mountains Apt. 875,South Abigail,DC,19263,2023-09-16
C0252,Billy,Jones,jamespearson@example.net,5091 Fischer Meadows Suite 337,North Robertfort,MS,32406,2024-08-30
C0253,Melinda,Green,ugarcia@example.com,9644 Rodney Mill Suite 425,Kaylamouth,DC,22922,2025-04-28
C0254,Melissa,Wilkins,garybauer@example.net,3439 Caleb Plains Apt. 439,Annberg,IL,27672,2024-05-30
C0255,Sara,Adams,robinsonpatricia@example.com,636 Pitts Road Apt. 605,North Michelle,VI,52248,2023-08-06
C0256,Jeffery,Campbell,ehughes@example.com,035 Williams Light Apt. 296,Carrville,CA,75106,2023-08-21
C0257,Keith,Roberts,westjames@example.net,898 Russell Stream Apt. 662,Cassandraville,NE,67363,2024-01-08
C0258,Adam,Ross,garciajessica@example.org,48881 Brittney Square,Tonyville,OR,67511,2023-02-14
C0259,Brittany,Carpenter,cgonzalez@example.com,965 White Flat,Amandahaven,VI,51643,2024-07-27
C0260,Mark,Bell,nicoletodd@example.org,230 Smith Parkway Apt. 607,Annaville,OH,11034,2024-12-03
C0261,Edward,Davis,andrewmathis@example.com,834 William Trail,West Alexburgh,NJ,11819,2024-07-22
C0262,Paul,Luna,rsanders@example.net,75004 Jesus Hollow Apt. 877,Rodriguezport,ME,76342,2025-01-28
C0263,David,Gonzalez,robertgarza@example.org,6228 Michael Islands,Brownmouth,MS,93701,2024-02-11
C0264,Jeffery,Beltran,cookluis@example.org,2092 Kelli Underpass,Charlenefurt,MT,15442,2023-03-19
C0265,Joann,Strong,sburns@example.com,4969 Joshua Locks Apt. 811,South Jenniferside,AK,68020,2022-10-24
C0266,Kathy,Jackson,angelawilliamson@example.net,59759 Joseph Isle,East Lynnport,MI,46347,2023-03-07
C0267,Michele,Lee,jdaniels@example.org,196 Martin Ridges,Lake Stephen,AK,41204,2024-10-28
C0268,Jamie,Munoz,brownchristina@example.com,258 Julie Villages Apt. 762,Nguyenfort,ND,69004,2022-10-30
C0269,Daniel,Johnson,cruzsusan@example.net,8551 Anderson Gardens,Oliviatown,NV,39827,2023-07-27
C0270,Julie,Carter,yanglindsay@example.org,7585 Megan Spurs Suite 253,Markburgh,IA,82192,2025-02-28
C0271,Mitchell,Roberson,michelleroberts@example.org,6433 Nathaniel Row Apt. 792,Port Anthony,OH,69757,2023-05-12
C0272,Joel,Warren,cindysimon@example.org,72346 Hannah Rest,South Robinville,LA,65470,2024-12-26
C0273,Alicia,Cherry,khandavid@example.net,245 Duffy Land,Bennettview,SC,01829,2022-08-10
C0274,Kevin,Thompson,nicoleoconnor@example.net,6917 Shaw Trafficway,Carlmouth,MP,22662,2024-12-06
C0275,Lori,Jones,smithteresa@example.org,9282 Corey Walk,Darryltown,VA,22300,2023-05-20
C0276,Courtney,Taylor,timothy48@example.net,307 Torres View Suite 505,Darrellville,TN,72287,2023-08-04
C0277,Caitlin,Willis,smithdavid@example.org,17234 Patterson Port Suite 413,Wagnerside,VA,68806,2022-12-13
C0278,Richard,Ortiz,walterquinn@example.net,97941 Barbara Course Suite 276,East Michaelbury,WA,52271,2024-01-16
C0279,Laura,Cruz,katherinecarroll@example.com,58985 Flynn Squares Suite 444,East Zacharyton,AK,00738,2023-05-03
C0280,Sheryl,Rodgers,vargasjeffery@example.net,4264 Leslie Brook,Port Scottland,NM,97947,2022-10-28
C0281,Michael,Jackson,vtownsend@example.com,97217 Smith Pine,East Jeanstad,IA,55926,2022-06-16
C0282,Lindsay,Mitchell,ramirezjeffrey@example.com,0210 Carol Spur,South Meganbury,AR,90013,2022-06-13
C0283,Jeremy,Page,hensonjorge@example.net,4052 Ashley Park Apt. 152,Robertburgh,MP,21360,2023-06-19
C0284,Elizabeth,James,hardyjennifer@example.net,360 Tate Forks,East Christineberg,DE,33263,2023-01-30
C0285,Bethany,Fernandez,pyoder@example.com,3439 Chapman Springs,New Michelleberg,FL,90956,2023-01-10
C0286,Daniel,Morgan,riveracarolyn@example.net,34208 Clarke Fields Apt. 618,South Eric,DE,00977,2023-05-03
C0287,James,Brady,megan41@example.com,391 Nancy Land Apt. 036,Kevinchester,ID,80609,2022-05-10
C0288,Jon,Rios,fsmith@example.com,98925 Scott Falls,West James,WI,26151,2024-01-21
C0289,Valerie,Grant,clarkryan@example.org,44267 Bowman Place Apt. 157,New Glenda,NY,04795,2023-06-29
C0290,Alexis,Rodriguez,fergusonjamie@example.com,12013 Jeffrey Mission,East Kendra,OR,90625,2023-07-06
C0291,Dennis,Klein,lewiszachary@example.net,779 Martinez Terrace,Lake Joseph,WY,47517,2023-09-13
C0292,Dale,Mcdowell,powellrebecca@example.net,6956 Patrick Meadow Apt. 335,Lake Angela,DE,14978,2024-12-13
C0293,Jonathan,Lee,werickson@example.org,4721 Watkins Village Suite 488,Markston,MS,27404,2023-08-22
C0294,Jason,Hill,mlambert@example.com,7445 Lopez Parkway Suite 278,East Stevenstad,LA,71829,2025-03-28
C0295,Jacqueline,Chandler,darrendean@example.net,80462 Gregory Mount,Brownhaven,OR,73584,2025-02-12
C0296,Michael,Johnson,kathryn71@example.org,4428 Dustin Neck,Angelastad,VA,26346,2022-08-22
C0297,John,Le,mario80@example.net,8091 Tracy Flat,New Steven,WA,18832,2024-03-12
C0298,Earl,Williams,davislouis@example.com,5714 Catherine Rue,Turnershire,MT,40655,2023-11-12
C0299,Ann,Gomez,dawn02@example.net,34551 Kayla Manors,South Kevin,AL,44474,2023-09-20
C0300,Brandi,Cox,cindythomas@example.net,411 Bruce Stravenue Apt. 958,Port Teresa,OR,33572,2024-04-07
C0301,Leah,Jacobson,ibarracourtney@example.net,598 Smith Brooks Suite 716,Clarkchester,SD,55696,2024-09-08
C0302,Sarah,Harding,mikeprice@example.net,91537 Anthony Fords,Donaldview,NM,18983,2025-03-29
C0303,Sierra,Black,tinamartinez@example.org,498 Johnson Road Apt. 353,Davisberg,VA,98385,2024-05-10
C0304,Erica,Neal,woodardbrandy@example.net,609 Charlotte Coves,North Theresaland,OK,17966,2023-12-17
C0305,Diamond,Campbell,glee@example.org,4548 Baker Land,East Sarahshire,HI,84249,2024-01-11
C0306,Thomas,Schroeder,mbrown@example.net,208 Valencia Track,New Derek,CO,84840,2025-01-28
C0307,Craig,Barnes,linda33@example.com,88236 Chapman Hill,Jasonshire,SC,25102,2023-06-28
C0308,Barbara,George,kimberly74@example.com,8705 Jarvis Square Suite 782,Frederickport,OR,58949,2022-09-06
C0309,Heather,Hernandez,shawnshah@example.net,9754 Kelley Extension,East Jonathanchester,MO,42099,2023-07-03
C0310,Stacy,Peterson,robert68@example.org,46937 Meyer Heights,Romeroton,FL,71733,2022-07-10
C0311,Sara,Perkins,yyoung@example.com,929 Zachary Junctions,West Susanmouth,HI,95713,2022-07-15
C0312,Rebecca,Mills,tracy57@example.org,33911 Harrison Crossing,Oconnorside,CA,09201,2023-10-19
C0313,Claudia,King,michael72@example.org,344 Anderson Fords,New Johnville,UT,19803,2024-11-11
C0314,Billy,Kane,johnclark@example.net,5312 William Mews Suite 694,Port James,MT,68239,2023-10-08
C0315,Jennifer,Hill,carmen39@example.org,924 Carol Squares Suite 976,Cobbmouth,IN,89685,2023-12-26
C0316,John,Bishop,taylorbelinda@example.net,309 King Island,Angelaport,MD,34941,2024-01-29
C0317,Michael,Kelly,angelatyler@example.com,7220 Karen Streets,Medinabury,CA,44515,2025-01-30
C0318,Todd,Stewart,jessica54@example.org,6006 Eaton Hills,Cooperfurt,TX,73591,2022-10-17
C0319,Mary,Spencer,brittanyjones@example.net,046 Rivas Stream,Lake Richard,SC,06045,2022-11-14
C0320,Bradley,Gonzalez,ofernandez@example.net,06397 Katherine Forges Suite 518,Duncanburgh,ID,70266,2023-06-08
C0321,Thomas,Pearson,colleenjohnson@example.org,8706 Jenna Extension Apt. 217,Lake Tammyburgh,AZ,81565,2022-10-16
C0322,Stephen,Nelson,masonthomas@example.com,1016 Wendy Trail,Sanchezville,SD,94930,2024-05-28
C0323,Rachel,Gomez,apowell@example.org,7231 Jackson Springs,South Karen,MA,93744,2024-01-30
C0324,Jason,Harris,vbarrett@example.com,041 Eric Trafficway,Gibbshaven,MD,25421,2023-06-07
C0325,Joann,Miller,julia62@example.com,2792 Katherine Flat Suite 639,Torresland,ND,95250,2025-02-14
C0326,Ryan,Hamilton,christophersharp@example.org,5911 White Cape,North Richard,MN,00916,2023-05-22
C0327,Daniel,Mitchell,dylanbrown@example.net,067 Jennifer Street Suite 060,Lake Erinfort,MA,60301,2025-02-24
C0328,Michael,Leonard,paula94@example.org,242 Alexander Grove Apt. 439,New Meredithside,AR,64157,2023-07-28
C0329,James,Perez,perezbonnie@example.com,73638 Gilmore Ville Suite 764,North Tammy,CO,99321,2024-06-03
C0330,Bob,Roach,zgates@example.com,5217 Mary Mountain,Warrenside,CA,42675,2024-10-24
C0331,Jose,Bryant,gonzalezcollin@example.org,7630 John Orchard Suite 509,Christopherview,CO,96820,2023-04-07
C0332,Ian,Herman,natashaevans@example.org,661 Valerie Curve Apt. 731,West Anthony,NE,64575,2023-08-31
C0333,Brandon,Hernandez,bryce08@example.net,5295 Bautista Divide,East Joshua,ND,51206,2022-07-25
C0334,Michael,Fisher,burkedebra@example.com,67913 Benitez Brook Apt. 433,Alexandraport,ID,89633,2023-05-02
C0335,Carol,Barnes,stephanie21@example.org,009 Beth Plaza Suite 290,Port Michellechester,TN,40991,2023-09-13
C0336,Jonathan,White,johnsonjames@example.com,76878 Darrell Vista,Lake Kristy,AZ,83059,2022-07-09
C0337,Teresa,Zhang,alejandro77@example.com,04147 Teresa Village Apt. 731,Port Ashley,RI,91101,2023-12-09
C0338,Catherine,Coleman,rebeccabell@example.net,057 Alicia Pass Apt. 584,Walterfurt,CT,58834,2022-10-09
C0339,Veronica,Cook,matthew22@example.com,45356 Debra Plains,Howardborough,MT,91789,2024-07-28
C0340,David,Ford,vanessa47@example.com,7536 Barry Roads Suite 776,Lake Seth,NJ,50081,2024-09-21
C0341,Brian,Ryan,castanedamichelle@example.net,5344 Davis Stravenue Apt. 758,South Carolynchester,IL,31479,2024-07-29
C0342,Shelly,Villarreal,crystalmeyer@example.org,6994 Powell Road Apt. 462,Lake Michael,MD,60035,2022-09-01
C0343,Kristen,King,edwin09@example.org,022 Christopher Harbor,New Sarahton,DE,16812,2023-03-27
C0344,Joshua,Moore,sonyamiller@example.org,609 Jesse Land,South Lori,SD,19568,2022-09-01
C0345,Jacob,Guerrero,bakeraaron@example.net,4833 William Junction Apt. 742,Shawfort,MP,21427,2023-10-10
C0346,Kelly,Allen,whicks@example.org,88360 Escobar Pike Suite 375,Wilsonhaven,MO,57650,2025-03-06
C0347,Antonio,Anderson,jose82@example.org,435 Farmer Wells,West Allenberg,CT,32724,2022-07-03
C0348,Cole,King,karenduke@example.org,92989 Rodriguez Skyway Suite 693,New Sarah,MP,34093,2024-10-08
C0349,Douglas,Gill,kashley@example.net,0632 Gabriel Key,New Anthonystad,TN,45916,2023-10-21
C0350,Anna,Quinn,mcgeesteven@example.com,27814 Margaret Plain,West Rachael,AZ,35683,2024-11-15
C0351,Latasha,Trevino,mary40@example.net,86316 Tammy Ports Suite 908,Millermouth,UT,64661,2025-02-03
C0352,Courtney,Lynn,rjohnson@example.com,85615 Amy Burgs Suite 054,Marshallville,IN,76108,2023-11-09
C0353,Vickie,Thompson,richardbarton@example.net,99531 Charles Coves,Williamberg,NJ,50496,2022-07-02
C0354,Tommy,Garcia,houselisa@example.com,2519 Dominique Circle Apt. 373,Cardenasbury,VA,16867,2025-04-28
C0355,Steven,Valdez,david48@example.org,461 Rachel Parkway Apt. 161,Glennmouth,UT,93095,2024-04-07
C0356,Robert,Suarez,ramosedward@example.org,90046 Nguyen Stream Suite 483,South Tonya,FL,06864,2023-12-17
C0357,Karina,Lee,paul62@example.net,207 Mary Mission Suite 938,Lake Mary,NY,06330,2023-07-11
C0358,Erik,Cherry,bjordan@example.org,283 Angela Island,Bellport,OK,19245,2024-08-12
C0359,Elizabeth,Williams,heidisutton@example.org,8188 Stephanie Plaza,Adambury,OR,77696,2024-01-04
C0360,Colleen,Daniel,gphillips@example.org,674 Kevin Cliff Suite 666,Johnsview,LA,55619,2022-06-25
C0361,John,Morris,chapmanvalerie@example.com,22716 Christopher Flats,Frankstad,ME,64417,2024-06-14
C0362,Nathan,Yu,katelynkelly@example.org,61872 Charles Way Suite 964,Hunterfort,FL,95301,2022-12-25
C0363,Mark,Castillo,foxrobert@example.com,418 Brady Village Suite 275,Wilsonchester,OH,19346,2025-01-18
C0364,Daniel,Smith,pamela28@example.net,9577 John Plain,Port Sherihaven,FM,64115,2023-11-29
C0365,Joseph,Holland,williamsderek@example.net,02957 Nicole Island Apt. 719,Port Brendaberg,MI,03235,2023-08-16
C0366,Amanda,Thompson,angel74@example.net,68800 Richard Ways,Port Kimberly,AL,58477,2025-05-03
C0367,Denise,Lowe,stewartjason@example.org,444 Steven Route Suite 521,Cruzside,OK,54443,2023-08-22
C0368,Kyle,Ford,wgutierrez@example.net,5961 Sanchez Prairie,West Ryanview,MS,86414,2024-11-03
C0369,Holly,Wilkinson,wjohnson@example.com,47784 Amber Field Apt. 457,Port Mirandachester,WY,97040,2023-01-27
C0370,Douglas,Mcmahon,awalker@example.org,51411 Debra Summit Suite 378,Bradleyfort,GU,02269,2024-12-14
C0371,Amy,Neal,bharris@example.org,910 Mckenzie Center,North Williamton,NE,65579,2024-11-08
C0372,James,Turner,juan72@example.com,41319 Chad Mountain,Lake Katherinetown,OR,40899,2025-04-26
C0373,Allen,Thomas,dustinwilliams@example.org,5777 Sarah Glens Apt. 588,Port Andrea,AZ,57504,2023-01-02
C0374,Anthony,Washington,tracyschwartz@example.org,709 Valerie Flats Apt. 577,Derrickborough,TN,39659,2024-06-23
C0375,Jeff,Howard,tammycollins@example.net,68766 Bishop Drive Suite 872,Elizabethfurt,NY,47947,2024-06-06
C0376,Kyle,Mata,benjamin61@example.org,784 Robinson Locks Suite 235,Grimesport,SD,82926,2024-06-14
C0377,Thomas,Franklin,adrianarivera@example.com,291 George Gateway,Reynoldston,GA,89822,2023-02-15
C0378,Garrett,Evans,sarah12@example.org,9262 Jones Fall,Mcphersonmouth,IA,56747,2024-04-22
C0379,Mary,Washington,michael31@example.org,1759 Shannon Expressway Apt. 892,Chavezton,AK,77291,2023-04-29
C0380,Robert,Wilson,jake39@example.com,33685 Bates River,Port Kevin,OR,40284,2023-04-25
C0381,Jacob,Smith,austinkline@example.net,379 Brian Villages Suite 369,Markmouth,DC,29580,2024-06-10
C0382,Tyler,Lopez,jean62@example.com,371 Melody Manors,North Wesleyberg,NY,12109,2024-02-03
C0383,Alejandra,Villarreal,tiffany09@example.com,2748 James Cliffs Apt. 451,Ramirezside,MH,33592,2022-08-02
C0384,John,Burns,esmith@example.com,564 Jenkins Curve Suite 440,Joshuabury,FM,39059,2025-04-30
C0385,Christopher,Davis,janetdavis@example.net,6842 Crawford Mountains,East Joel,WA,61653,2022-07-10
C0386,Paul,Young,tammy46@example.org,8691 Conner Lock,Rodgerschester,MP,84016,2023-05-14
C0387,Desiree,Vega,kbarnett@example.org,983 Calderon Oval Apt. 413,Chenhaven,MN,76875,2025-01-14
C0388,Adam,Fuentes,andrew05@example.org,194 Mark Keys,Mirandaland,OR,53369,2024-12-22
C0389,Jacob,Myers,garciaglenda@example.org,807 Burgess Place Apt. 897,Kevinshire,OR,17330,2025-03-09
C0390,Adam,Mason,douglasfuller@example.com,09488 Kylie Glen,North Susan,MP,06934,2022-06-16
C0391,Carmen,Thomas,alejandro98@example.net,7256 Jones Course,Chadfort,ND,49442,2023-10-23
C0392,Joel,Fields,millerjoshua@example.net,3590 Powell Harbor Suite 522,Lake Donaldport,IA,71758,2023-01-19
C0393,David,Lopez,alexa73@example.org,12033 Juan Glens,Kimside,UT,10538,2024-08-14
C0394,Christopher,Short,ofrench@example.com,935 Thomas Isle Suite 056,Poolefort,KY,60875,2024-05-31
C0395,Jacob,Nelson,millerjennifer@example.net,33096 Kent Circle Apt. 201,Justintown,DE,69807,2023-12-26
C0396,Katrina,Boyd,christina01@example.com,9513 Christian Street Suite 218,North Vanessa,CO,84283,2025-03-28
C0397,William,Jackson,smithluis@example.net,32586 Lauren Overpass,East Rebeccatown,NY,89667,2023-08-13
C0398,Patrick,Clark,williamwilliams@example.org,54157 Greene Estate Suite 686,Kennethfurt,NY,41183,2023-07-27
C0399,Geoffrey,Foster,kristi91@example.com,36584 George Square,East Ariana,GU,56820,2024-01-25
C0400,Brandon,Taylor,frynatasha@example.org,672 Russell Islands Apt. 503,Josephshire,CA,96189,2022-08-15
C0401,Elizabeth,Tapia,monica15@example.org,220 Alexander Mountain,Lake Christopher,OK,53866,2024-03-08
C0402,Dustin,Kane,angelatorres@example.net,668 Melinda Landing,North Lauren,LA,76270,2022-07-31
C0403,Shawn,Smith,panderson@example.com,2459 Bryant Roads,Lake Alan,WA,15662,2023-03-26
C0404,Christopher,Andrews,nowens@example.org,14337 Brown Inlet Suite 231,Mckayville,VA,74121,2022-05-16
C0405,Brandi,Randall,cohenstephen@example.com,842 Knight Gardens Apt. 805,Colinfurt,AS,70130,2024-12-25
C0406,Sandra,Jefferson,andreahayes@example.net,935 Cheryl Rapids Suite 794,Maysville,IA,45949,2024-11-06
C0407,Stephanie,Barrera,spugh@example.org,7731 Evans Orchard,Welchland,KS,18046,2023-06-24
C0408,Amy,Davis,aarongarrett@example.com,5567 Ashley Centers Apt. 528,East Alexisburgh,NC,09133,2024-06-14
C0409,Jason,Maxwell,maxmarquez@example.com,01877 Rodriguez Shore Suite 649,Brandonborough,ME,00542,2024-11-28
C0410,Anthony,Thompson,khernandez@example.com,62898 Beth Orchard,Coxfurt,NY,18435,2024-08-27
C0411,Arthur,Miles,willieyoung@example.net,863 Rodriguez Meadow Apt. 607,Weaverland,MT,43418,2023-12-24
C0412,Karen,Reyes,parias@example.com,99331 Rodriguez Avenue,East Lindsey,KY,71567,2022-11-21
C0413,Michelle,Silva,shawnabell@example.net,93455 Willie Ferry,Victoriaborough,DC,59305,2024-02-17
C0414,William,Casey,mike38@example.org,74075 Martin Dam,Lake Miguelmouth,MN,77906,2024-05-07
C0415,Brandon,Davis,woodsdawn@example.net,2495 Colleen Trail,Cassandraborough,IN,03134,2023-02-11
C0416,Pedro,Anthony,nhall@example.net,1017 Mary Views Apt. 985,East Kenneth,TX,69099,2024-01-10
C0417,James,Roberts,davisjohn@example.com,60634 Boyle Spring Apt. 093,North Steven,RI,50417,2022-08-31
C0418,Deanna,Peck,wneal@example.com,087 Amanda Plains Suite 756,Stewartland,VT,66344,2022-06-19
C0419,Samantha,Simpson,jgray@example.com,3147 Barry Pass,Collinsport,PR,17390,2022-12-18
C0420,Eric,Morris,kscott@example.org,680 Terri Well,Wayneport,MH,36924,2022-09-09
C0421,Christina,Morse,sharongonzalez@example.org,56112 Lane Prairie,New Elizabeth,HI,03177,2023-07-22
C0422,Wesley,Gomez,smithamy@example.com,883 Blair Junctions,South Kimberly,NJ,20588,2022-07-10
C0423,Alexander,Martin,ambervega@example.net,16724 Schmidt Key,North Brianport,AS,48067,2022-05-19
C0424,Elizabeth,Garcia,ronaldhall@example.org,949 Garcia Turnpike Apt. 650,Burnettburgh,FL,57011,2025-01-05
C0425,Joshua,Kennedy,smithdawn@example.com,4428 Adams Rapid Apt. 780,East Brian,MI,01499,2022-10-23
C0426,Tammy,Smith,adam11@example.org,31955 Bobby Hill,East Austin,CO,75906,2025-02-20
C0427,Bruce,Bryant,robert68@example.com,00964 Davis Port Suite 915,North Jackview,NC,94680,2025-02-06
C0428,Kimberly,Beard,williamsdawn@example.org,5065 Gentry Islands,East Roberto,ME,83671,2023-07-27
C0429,Charles,Casey,clozano@example.net,8437 Patrick Road,Castilloville,NV,52206,2023-01-09
C0430,Kathy,Bauer,kingthomas@example.com,977 Watkins Plaza Suite 801,South Ryanfurt,CT,65095,2023-02-28
C0431,Julia,Thompson,ashleeparker@example.com,8079 Bryant Port,Pricefort,OH,80390,2023-12-29
C0432,Kristen,Oliver,hardystephanie@example.net,498 Adam Pike Suite 964,Ashleyburgh,SD,00698,2023-10-25
C0433,Savannah,Smith,ibernard@example.org,364 Butler Via,West Timothy,CT,77538,2025-04-19
C0434,Lori,Fitzgerald,utorres@example.com,93712 Stanley Court,New Regina,WA,31496,2025-02-21
C0435,Scott,Robertson,youngangel@example.net,333 Mitchell Light Apt. 669,New Jasonchester,LA,66904,2024-03-13
C0436,Jeff,Ramirez,cathybrown@example.net,2559 Cody Walk,New Chadville,ND,33470,2022-10-27
C0437,Laura,Walker,wheelerteresa@example.org,36328 Carter Harbor Apt. 929,Pacehaven,ME,10281,2024-12-18
C0438,Charles,Powell,rkelley@example.net,808 Reilly Landing,East Maryburgh,DE,28620,2023-10-03
C0439,Theresa,Lopez,gail99@example.com,761 Robert Heights,East Laurafort,KS,17150,2024-04-07
C0440,Tammy,Johnson,wmoore@example.org,1133 Nicholas Lane,Lake Anneshire,SD,45737,2023-10-18
C0441,Mary,Smith,zyoung@example.net,927 Walters Field Apt. 394,Danielburgh,MO,27009,2023-03-11
C0442,Shannon,Pope,walterjacqueline@example.com,026 Kimberly Plaza Suite 937,Susanport,LA,11810,2024-10-17
C0443,Cynthia,Chapman,sarahwillis@example.org,67174 Jonathan Cliff,Jonathantown,OR,07615,2024-11-04
C0444,Julie,Johnson,lauramiller@example.net,4405 Jeremy Fort,Sheilashire,NE,40690,2023-10-17
C0445,Jessica,Hayes,vhuang@example.net,18737 Kane Cliffs,Patrickland,VA,03091,2024-06-03
C0446,Brian,Smith,richard72@example.com,0032 Anderson Garden Suite 887,South Denniston,MP,09682,2023-11-19
C0447,Kimberly,Murphy,wsimpson@example.com,5765 Sims Underpass Apt. 198,East Juliaberg,WV,44910,2024-09-24
C0448,Paul,Acosta,james12@example.com,691 Morgan Springs Apt. 753,Reevesshire,MO,51282,2024-09-21
C0449,Deanna,Kirby,millerdavid@example.com,6573 Mejia Road Suite 253,Port Lawrence,TN,41602,2024-12-19
C0450,Karen,Nolan,alexanderchris@example.com,91737 Oconnor Keys,Johnsonport,AR,93901,2024-08-15
C0451,Kelly,Garcia,vargasamanda@example.net,9969 Alexandria Trail,Lake Davidbury,AS,94053,2025-04-29
C0452,David,Dougherty,gferguson@example.net,4078 Christopher Points,Simpsonshire,KS,53638,2025-04-19
C0453,Christopher,Parsons,collinsmatthew@example.net,3694 Ray Plaza Apt. 882,Joyburgh,VI,72228,2024-02-07
C0454,David,Miller,zimmermanbrett@example.net,21839 Evans Tunnel Apt. 851,Robertsmouth,KS,28505,2025-02-28
C0455,Jeffrey,Stevenson,cainedwin@example.net,377 Lin Cape Apt. 503,South Kiara,IN,88465,2023-06-21
C0456,Jasmine,Barber,lisaclark@example.com,7198 Floyd Cape Suite 650,South Andrewtown,AL,07153,2022-07-10
C0457,Pamela,Mills,laura37@example.net,96365 Kyle Mountains,Samanthamouth,NJ,83116,2023-10-05
C0458,Brandon,Simpson,robinsongwendolyn@example.com,1075 Ray Plains,Maryberg,AR,06326,2024-02-06
C0459,David,Thomas,gardneranne@example.com,8275 Duncan Burgs,West Danielton,MN,15312,2023-05-08
C0460,Jeffrey,Shepard,dbowers@example.net,43556 Ryan Orchard Suite 977,Smithville,DE,60304,2023-06-11
C0461,Laurie,Johnson,smithmark@example.org,7078 Sherman Trace,Port Carmen,GU,15622,2024-02-06
C0462,Rhonda,Newman,thompsonsusan@example.org,775 Molly Falls Apt. 192,Sullivanport,WY,82729,2024-09-11
C0463,David,Butler,olambert@example.com,6387 Robert Prairie Suite 521,South Vicki,TX,44673,2023-12-16
C0464,Lisa,Navarro,william63@example.org,722 Angela Ville,Turnershire,VA,42684,2025-02-14
C0465,Theodore,Hunt,rebeccarodriguez@example.net,17079 Jones Branch,Campbellshire,HI,10485,2025-03-02
C0466,Susan,Evans,melinda59@example.net,5826 Olson Extensions,Lake Jeremy,MS,28799,2024-10-26
C0467,Nicole,Nicholson,esampson@example.org,99912 Michelle Crest,Port Derekview,NH,78362,2025-03-13
C0468,Jorge,White,brownjames@example.com,641 Nicole Unions,North Michelle,SC,56188,2023-11-09
C0469,Amber,Shepherd,fernandezcaroline@example.net,12413 Rivera Falls,Bryantfurt,SC,39804,2024-02-10
C0470,Erica,Porter,sjames@example.com,660 White Forks,Lake Kayla,MN,09352,2022-10-20
C0471,Sandra,Knox,melissawhite@example.org,45279 Carroll Square Suite 502,East Carolynstad,IA,40918,2024-05-17
C0472,Howard,Morris,zscott@example.net,6476 Richard Stravenue Apt. 267,Garyton,UT,81412,2024-07-08
C0473,Lisa,Webb,melaniejohnson@example.net,3737 Barker Gardens,East Tina,MH,91436,2023-09-20
C0474,Melissa,Brown,clewis@example.com,0138 Vang Mountains Apt. 009,Youngville,KY,72700,2022-05-22
C0475,Ashley,Long,bryan29@example.org,129 Craig Passage,West Jillside,CA,72987,2024-04-17
C0476,Paige,Young,walkerjennifer@example.net,7892 Alexander Cove Apt. 005,Kelseyborough,AK,86518,2023-11-11
C0477,Valerie,Moyer,dennis14@example.org,5462 Alexander Rest Suite 020,New Hunterhaven,VA,29746,2022-10-26
C0478,Theresa,Jensen,smithdaniel@example.org,8125 Christopher Gardens,South Annmouth,NM,84165,2024-01-29
C0479,Susan,Johnson,ylewis@example.org,7337 Lisa Point Suite 477,Patelfurt,ME,72325,2024-05-29
C0480,Holly,Barton,joseph83@example.com,63795 Adams Summit,East Marialand,NM,48934,2022-10-30
C0481,Johnny,Miles,joneswilliam@example.com,419 Carroll Groves,Fernandoport,CT,46502,2023-09-03
C0482,Joseph,Whitaker,katherinehall@example.net,486 Jeremy Ways,West Kristenborough,ID,94013,2022-05-20
C0483,Shannon,Robinson,amber83@example.com,7125 Munoz Turnpike Suite 637,Brittanyton,MP,30011,2025-03-26
C0484,Amanda,Diaz,gtaylor@example.org,430 Sara Court Suite 681,Nathanielstad,RI,14737,2024-04-01
C0485,Cassandra,Reyes,martinezian@example.com,2516 Beverly Passage,Port Dustin,OK,07460,2024-12-22
C0486,Eric,Stewart,aparsons@example.net,61832 Nelson Oval,Darrylport,MD,23346,2022-11-05
C0487,Justin,Mayer,josebennett@example.com,96224 Albert Cape,Reedville,OR,55570,2023-04-17
C0488,Donald,Aguilar,barnettpatricia@example.com,744 Holland Bypass Apt. 290,Port Jeffrey,NY,37767,2023-09-16
C0489,Mary,Robinson,mgeorge@example.org,7448 Harris Avenue Apt. 825,Martinezview,LA,68215,2024-05-25
C0490,Matthew,Mccullough,rthomas@example.com,770 Joseph Ways,South Jamesville,NJ,03167,2024-04-18
C0491,Jackson,Martin,kimberlygoodman@example.com,556 Marshall Prairie,New Robertview,AZ,98176,2022-06-12
C0492,Jennifer,Hammond,leashley@example.org,038 Smith Haven Suite 457,New Martinberg,AK,62700,2022-09-20
C0493,Corey,Jones,jennifer00@example.net,4312 Erika Views,Thorntonstad,NH,02546,2025-03-13
C0494,Steven,Webster,ryan92@example.net,0064 Jason Fort,New Alyssa,GU,56991,2023-06-10
C0495,Brittney,Hawkins,crystalrogers@example.net,7025 Ruiz Wall Suite 066,South Ashley,IA,82392,2024-12-03
C0496,Steve,Frazier,colewallace@example.org,402 Davis Trace Apt. 261,South Danielhaven,NE,27987,2022-10-29
C0497,Christine,Miller,zhoward@example.com,650 Anderson Forks Apt. 362,South Zachary,WY,13402,2024-07-12
C0498,Shane,Brown,charles01@example.com,5370 Snow Avenue Suite 057,New Patrickstad,NE,77432,2024-06-19
C0499,Jason,Thomas,jamesmorgan@example.com,03729 Parker Green Suite 392,Lisaside,OK,34201,2023-10-21
C0500,Phillip,Reese,thompsonandrea@example.org,224 Steven Field Apt. 171,Williamfort,PR,58307,2022-08-29
